{"cameraMode":{"drawMode":0,"name":"Shaded","section":"Shading Mode"},"sceneLighting":false,"audioPlay":false,"sceneViewState":{"m_AlwaysRefresh":false,"showFog":true,"showSkybox":false,"showFlares":true,"showImageEffects":true,"showParticleSystems":true,"showVisualEffectGraphs":true,"m_FxEnabled":true},"in2DMode":false,"pivot":{"x":0.026307562366127969,"y":-0.1916065514087677,"z":-0.7392995953559876},"rotation":{"x":-0.01186307892203331,"y":-0.9866225719451904,"z":0.14034689962863923,"w":-0.0827704444527626},"size":0.9020761847496033,"orthographic":false}