{"cameraMode":{"drawMode":0,"name":"Shaded","section":"Shading Mode"},"sceneLighting":false,"audioPlay":false,"sceneViewState":{"m_AlwaysRefresh":false,"showFog":true,"showSkybox":false,"showFlares":true,"showImageEffects":true,"showParticleSystems":true,"showVisualEffectGraphs":true,"m_FxEnabled":true},"in2DMode":false,"pivot":{"x":0.012137293815612793,"y":-0.012504220008850098,"z":0.7518994808197022},"rotation":{"x":-0.06416738033294678,"y":0.5055748820304871,"z":-0.03874127194285393,"w":-0.8598598837852478},"size":1.043007493019104,"orthographic":false}