{"cameraMode":{"drawMode":0,"name":"Shaded","section":"Shading Mode"},"sceneLighting":false,"audioPlay":false,"sceneViewState":{"m_AlwaysRefresh":false,"showFog":true,"showSkybox":false,"showFlares":true,"showImageEffects":true,"showParticleSystems":true,"showVisualEffectGraphs":true,"m_FxEnabled":true},"in2DMode":false,"pivot":{"x":-2.7192602157592775,"y":0.8696943521499634,"z":0.13740205764770509},"rotation":{"x":0.30469805002212527,"y":0.4390295445919037,"z":-0.16118715703487397,"w":0.8298053741455078},"size":1.3206579685211182,"orthographic":false}