{"cameraMode":{"drawMode":0,"name":"Shaded","section":"Shading Mode"},"sceneLighting":false,"audioPlay":false,"sceneViewState":{"m_AlwaysRefresh":false,"showFog":true,"showSkybox":false,"showFlares":true,"showImageEffects":true,"showParticleSystems":true,"showVisualEffectGraphs":true,"m_FxEnabled":true},"in2DMode":false,"pivot":{"x":578.6854248046875,"y":538.7975463867188,"z":5.7347412109375},"rotation":{"x":-0.04079766198992729,"y":-0.0062674288637936119,"z":0.00025585037656128407,"w":-0.9991496801376343},"size":679.933349609375,"orthographic":true}