{"cameraMode":{"drawMode":0,"name":"Shaded","section":"Shading Mode"},"sceneLighting":false,"audioPlay":false,"sceneViewState":{"m_AlwaysRefresh":false,"showFog":true,"showSkybox":false,"showFlares":true,"showImageEffects":true,"showParticleSystems":true,"showVisualEffectGraphs":true,"m_FxEnabled":true},"in2DMode":false,"pivot":{"x":1.028801441192627,"y":1.3281667232513428,"z":0.1310211718082428},"rotation":{"x":-0.05876421555876732,"y":0.9382169842720032,"z":-0.27732178568840029,"w":-0.19883252680301667},"size":1.7187891006469727,"orthographic":false}