{"cameraMode":{"drawMode":0,"name":"Shaded","section":"Shading Mode"},"sceneLighting":false,"audioPlay":false,"sceneViewState":{"m_AlwaysRefresh":false,"showFog":true,"showSkybox":false,"showFlares":true,"showImageEffects":true,"showParticleSystems":true,"showVisualEffectGraphs":true,"m_FxEnabled":true},"in2DMode":false,"pivot":{"x":-0.20706738531589509,"y":0.1643683910369873,"z":0.019822895526885988},"rotation":{"x":0.09464259445667267,"y":-0.644626259803772,"z":0.08087141811847687,"w":0.7543315291404724},"size":0.7144744396209717,"orthographic":false}