{"cameraMode":{"drawMode":0,"name":"Shaded","section":"Shading Mode"},"sceneLighting":false,"audioPlay":false,"sceneViewState":{"m_AlwaysRefresh":false,"showFog":true,"showSkybox":false,"showFlares":true,"showImageEffects":true,"showParticleSystems":true,"showVisualEffectGraphs":true,"m_FxEnabled":true},"in2DMode":false,"pivot":{"x":2.0454392433166506,"y":3.530444383621216,"z":3.1495723724365236},"rotation":{"x":-0.03069889172911644,"y":0.9494931697845459,"z":-0.09865813702344895,"w":-0.2965455651283264},"size":1.1918601989746094,"orthographic":false}