{"cameraMode":{"drawMode":0,"name":"Shaded","section":"Shading Mode"},"sceneLighting":false,"audioPlay":false,"sceneViewState":{"m_AlwaysRefresh":false,"showFog":true,"showSkybox":false,"showFlares":true,"showImageEffects":true,"showParticleSystems":true,"showVisualEffectGraphs":true,"m_FxEnabled":true},"in2DMode":false,"pivot":{"x":-19.291717529296876,"y":6.590224266052246,"z":-15.977550506591797},"rotation":{"x":-0.01903826743364334,"y":-0.36289656162261965,"z":0.007334556430578232,"w":-0.9318535327911377},"size":0.8660253882408142,"orthographic":false}