{"cameraMode":{"drawMode":0,"name":"Shaded","section":"Shading Mode"},"sceneLighting":false,"audioPlay":false,"sceneViewState":{"m_AlwaysRefresh":false,"showFog":true,"showSkybox":false,"showFlares":true,"showImageEffects":true,"showParticleSystems":true,"showVisualEffectGraphs":true,"m_FxEnabled":true},"in2DMode":false,"pivot":{"x":0.3691349923610687,"y":2.761065721511841,"z":-0.8864458799362183},"rotation":{"x":-0.04095824807882309,"y":0.2199891358613968,"z":0.009239383973181248,"w":0.9746076464653015},"size":0.8660253882408142,"orthographic":false}