{"cameraMode":{"drawMode":0,"name":"Shaded","section":"Shading Mode"},"sceneLighting":false,"audioPlay":false,"sceneViewState":{"m_AlwaysRefresh":false,"showFog":true,"showSkybox":false,"showFlares":true,"showImageEffects":true,"showParticleSystems":true,"showVisualEffectGraphs":true,"m_FxEnabled":true},"in2DMode":false,"pivot":{"x":-1.4770216941833497,"y":4.365372657775879,"z":0.3747422695159912},"rotation":{"x":0.13185256719589234,"y":-0.38264182209968569,"z":0.05517299100756645,"w":0.9129511117935181},"size":2.4461827278137209,"orthographic":false}