{"cameraMode":{"drawMode":0,"name":"Shaded","section":"Shading Mode"},"sceneLighting":true,"audioPlay":false,"sceneViewState":{"m_AlwaysRefresh":false,"showFog":true,"showSkybox":true,"showFlares":true,"showImageEffects":true,"showParticleSystems":true,"showVisualEffectGraphs":true,"m_FxEnabled":true},"in2DMode":false,"pivot":{"x":12.923881530761719,"y":2.4017293453216554,"z":15.929201126098633},"rotation":{"x":-0.04868875443935394,"y":0.8534408211708069,"z":-0.08119174093008042,"w":-0.5126099586486816},"size":0.4482637643814087,"orthographic":false}