{"cameraMode":{"drawMode":0,"name":"Shaded","section":"Shading Mode"},"sceneLighting":true,"audioPlay":false,"sceneViewState":{"m_AlwaysRefresh":false,"showFog":true,"showSkybox":true,"showFlares":true,"showImageEffects":true,"showParticleSystems":true,"showVisualEffectGraphs":true,"m_FxEnabled":true},"in2DMode":false,"pivot":{"x":10.840027809143067,"y":3.0518863201141359,"z":9.328392028808594},"rotation":{"x":-0.03369152545928955,"y":0.9654906392097473,"z":-0.16108106076717378,"w":-0.20214441418647767},"size":2.0298476219177248,"orthographic":false}