{"cameraMode":{"drawMode":0,"name":"Shaded","section":"Shading Mode"},"sceneLighting":true,"audioPlay":false,"sceneViewState":{"m_AlwaysRefresh":false,"showFog":true,"showSkybox":true,"showFlares":true,"showImageEffects":true,"showParticleSystems":true,"showVisualEffectGraphs":true,"m_FxEnabled":true},"in2DMode":false,"pivot":{"x":-5.749496936798096,"y":-0.9185850620269775,"z":88.60514831542969},"rotation":{"x":-0.01590023562312126,"y":-0.026375271379947664,"z":0.00027417289675213397,"w":-0.9997615814208984},"size":5.255623817443848,"orthographic":true}