{"cameraMode":{"drawMode":0,"name":"Shaded","section":"Shading Mode"},"sceneLighting":false,"audioPlay":false,"sceneViewState":{"m_AlwaysRefresh":false,"showFog":true,"showSkybox":false,"showFlares":true,"showImageEffects":true,"showParticleSystems":true,"showVisualEffectGraphs":true,"m_FxEnabled":true},"in2DMode":false,"pivot":{"x":1.1754508018493653,"y":2.9458889961242677,"z":-3.9935734272003176},"rotation":{"x":0.028364453464746476,"y":-0.32531774044036868,"z":0.009758385829627514,"w":0.9451366066932678},"size":2.538485288619995,"orthographic":false}