{"cameraMode":{"drawMode":0,"name":"Shaded","section":"Shading Mode"},"sceneLighting":false,"audioPlay":false,"sceneViewState":{"m_AlwaysRefresh":false,"showFog":true,"showSkybox":false,"showFlares":true,"showImageEffects":true,"showParticleSystems":true,"showVisualEffectGraphs":true,"m_FxEnabled":true},"in2DMode":false,"pivot":{"x":0.6690000295639038,"y":0.666724681854248,"z":1.0803341865539551e-7},"rotation":{"x":0.24489936232566834,"y":0.2821236252784729,"z":-0.07468774169683457,"w":0.924662172794342},"size":2.9526095390319826,"orthographic":false}