{"cameraMode":{"drawMode":0,"name":"Shaded","section":"Shading Mode"},"sceneLighting":false,"audioPlay":false,"sceneViewState":{"m_AlwaysRefresh":false,"showFog":true,"showSkybox":false,"showFlares":true,"showImageEffects":true,"showParticleSystems":true,"showVisualEffectGraphs":true,"m_FxEnabled":true},"in2DMode":false,"pivot":{"x":-1.4015069007873536,"y":3.7985730171203615,"z":3.8165178298950197},"rotation":{"x":0.0713784247636795,"y":0.8676710724830627,"z":-0.12795314192771913,"w":0.47565850615501406},"size":2.6362900733947756,"orthographic":false}