{"cameraMode":{"drawMode":0,"name":"Shaded","section":"Shading Mode"},"sceneLighting":false,"audioPlay":false,"sceneViewState":{"m_AlwaysRefresh":false,"showFog":true,"showSkybox":false,"showFlares":true,"showImageEffects":true,"showParticleSystems":true,"showVisualEffectGraphs":true,"m_FxEnabled":true},"in2DMode":false,"pivot":{"x":0.5870978832244873,"y":2.964996814727783,"z":1.7667800188064576},"rotation":{"x":0.050805237144231799,"y":-0.6998592019081116,"z":-0.05095497518777847,"w":-0.7109254598617554},"size":1.9837452173233033,"orthographic":false}