{"cameraMode":{"drawMode":0,"name":"Shaded","section":"Shading Mode"},"sceneLighting":true,"audioPlay":false,"sceneViewState":{"m_AlwaysRefresh":false,"showFog":true,"showSkybox":true,"showFlares":true,"showImageEffects":true,"showParticleSystems":true,"showVisualEffectGraphs":true,"m_FxEnabled":true},"in2DMode":false,"pivot":{"x":2.0828053951263429,"y":-2.6384005546569826,"z":-2.365072250366211},"rotation":{"x":-0.01948567107319832,"y":0.018291842192411424,"z":0.0012743816478177906,"w":0.9999465942382813},"size":2.0386242866516115,"orthographic":false}