{"cameraMode":{"drawMode":0,"name":"Shaded","section":"Shading Mode"},"sceneLighting":false,"audioPlay":false,"sceneViewState":{"m_AlwaysRefresh":false,"showFog":true,"showSkybox":false,"showFlares":true,"showImageEffects":true,"showParticleSystems":true,"showVisualEffectGraphs":true,"m_FxEnabled":true},"in2DMode":false,"pivot":{"x":-1.8732823133468629,"y":2.347729206085205,"z":2.743790864944458},"rotation":{"x":0.05608063563704491,"y":-0.17579272389411927,"z":0.010027019307017327,"w":0.9827847480773926},"size":4.912685871124268,"orthographic":false}