{"cameraMode":{"drawMode":0,"name":"Shaded","section":"Shading Mode"},"sceneLighting":false,"audioPlay":false,"sceneViewState":{"m_AlwaysRefresh":false,"showFog":true,"showSkybox":false,"showFlares":true,"showImageEffects":true,"showParticleSystems":true,"showVisualEffectGraphs":true,"m_FxEnabled":true},"in2DMode":false,"pivot":{"x":171.78414916992188,"y":24.208892822265626,"z":-350.6944274902344},"rotation":{"x":0.057069454342126849,"y":-0.3064117431640625,"z":0.018408335745334626,"w":0.9500136375427246},"size":103.07764434814453,"orthographic":false}