{"cameraMode":{"drawMode":0,"name":"Shaded","section":"Shading Mode"},"sceneLighting":false,"audioPlay":false,"sceneViewState":{"m_AlwaysRefresh":false,"showFog":false,"showSkybox":false,"showFlares":false,"showImageEffects":false,"showParticleSystems":false,"showVisualEffectGraphs":true,"m_FxEnabled":true},"in2DMode":false,"pivot":{"x":1.1920928955078126e-7,"y":2.644291400909424,"z":-0.29719939827919009},"rotation":{"x":-0.3790838122367859,"y":-0.004999760538339615,"z":0.002047837246209383,"w":-0.9253531098365784},"size":3.3375282287597658,"orthographic":false}