{"cameraMode":{"drawMode":0,"name":"Shaded","section":"Shading Mode"},"sceneLighting":false,"audioPlay":false,"sceneViewState":{"m_AlwaysRefresh":false,"showFog":true,"showSkybox":false,"showFlares":true,"showImageEffects":true,"showParticleSystems":true,"showVisualEffectGraphs":true,"m_FxEnabled":true},"in2DMode":false,"pivot":{"x":-0.00239717960357666,"y":0.9961872100830078,"z":0.15952277183532716},"rotation":{"x":-0.06416738033294678,"y":0.5055748820304871,"z":-0.03874127194285393,"w":-0.8598598837852478},"size":2.3187999725341799,"orthographic":false}