{"cameraMode":{"drawMode":0,"name":"Shaded","section":"Shading Mode"},"sceneLighting":false,"audioPlay":false,"sceneViewState":{"m_AlwaysRefresh":false,"showFog":true,"showSkybox":false,"showFlares":true,"showImageEffects":true,"showParticleSystems":true,"showVisualEffectGraphs":true,"m_FxEnabled":true},"in2DMode":false,"pivot":{"x":17.78182029724121,"y":14.764684677124024,"z":21.356847763061525},"rotation":{"x":-0.06467360258102417,"y":0.6565744280815125,"z":-0.058072928339242938,"w":-0.7496119141578674},"size":4.541666030883789,"orthographic":false}